use aulavirtualsep;

insert into profesor (id, nombre, apellido_pat, apellido_mat, correo, telefono, sexo,contrasena)
Values ("p000001", "Pancho", "Pantera", "Pistolas", "ElPantera@outlook.com", 4491547895, "M","c000001"),
("p000002", "Maria Susana", "Morales", "Gonzales", "MSusana_14@gmail.com", 4491215486, "F","c000002"),
("p000003", "Armando", "Casas", "Arcoiris", "JohnRainbows@gmail.com", 4491212570, "M","c000003"),
("p000004", "Carlos", "Avila", "Carmona", "CarlosCarmona15687@gmail.com", 4494125476, "M","c000004"),
("p000005", "Grace", "Valladolid", "Fiesco", "GracieVFedu@gmail.com", 4491195463, "F","c000005"),
("p000006", "Joaquin", "Cruz", "Llamas", "JoaquinLlamasoficial_001@outlook.com", 4651192159, "M","c000006"),
("p000007", "José Luis", "Hernandez", "García", "josesito.hern@outlook.com", 4492345098, "M","c000007"),
("p000008", "María Guadalupe", "Martínez", "Lopez", "guadalupe.ma@gmail.com", 4654312910, "F", "c000008"),
("p000009", "Miguel Angel", "González", "Rodríguez", "miguelangel73@gmail.com", 4495673422, "M","c000009"),
("p000010", "Verónica", "Ramírez", "Flores", "veroflowers2020@gmail.com", 4493468531, "F","c000010"),
("p000011", "Alejandro", "Cruz", "Vazquez", "alex.vazquez@gmail.com", 4653490240, "M","c000011"),
("p000012", "Guillermina", "Mendoza", "Castillo", "guillerminacastle@outlook.com", 4651234890, "F", "c000012");

insert into grupo (id, grado, clase, id_profesor)
values
("g-001", 1, "A", "p000001"),
("g-002", 2, "A", "p000002"),
("g-003", 3, "A", "p000003"),
("g-004", 4, "A", "p000004"),
("g-005", 5, "A", "p000005"),
("g-006", 6, "A", "p000006"),
("g-007", 1, "B", "p000007"),
("g-008", 2, "B", "p000008"),
("g-009", 3, "B", "p000009"),
("g-010", 4, "B", "p000010"),
("g-011", 5, "B", "p000011"),
("g-012", 6, "B", "p000012");

insert into materia (id, nombre, Campo) 
Values 
("m-001", "Español 1", "Lenguaje y Comunicación", 1),
("m-002", "Español 2","Lenguaje y Comunicación", 2),
("m-003", "Español 3","Lenguaje y Comunicación", 3),
("m-004", "Español 4","Lenguaje y Comunicación", 4),
("m-005", "Español 5","Lenguaje y Comunicación", 5),
("m-006", "Español 6","Lenguaje y Comunicación", 6),
("m-013", "Inglés 1",  "Lenguaje y Comunicación", 1),
("m-014", "Inglés 2",  "Lenguaje y Comunicación", 2),
("m-015", "Inglés 3",  "Lenguaje y Comunicación", 3),
("m-016", "Inglés 4",  "Lenguaje y Comunicación", 4),
("m-017", "Inglés 5", "Lenguaje y Comunicación", 5),
("m-018", "Inglés 6", "Lenguaje y Comunicación", 6),
("m-019", "Matemáticas 1",  "Pensamiento Matemático", 1),
("m-020", "Matemáticas 2", "Pensamiento Matemático", 2),
("m-021", "Matemáticas 3", "Pensamiento Matemático", 3),
("m-022", "Matemáticas 4", "Pensamiento Matemático", 4),
("m-023", "Matemáticas 5",  "Pensamiento Matemático", 5),
("m-024", "Matemáticas 6",  "Pensamiento Matemático", 6),
("m-025", "Conocimiento del Medio 1", "Exploración y Comprensión del Mundo Natural y Social", 1),
("m-026", "Conocimiento del Medio 2",  "Exploración y Comprensión del Mundo Natural y Social", 2),
("m-027", "Ciencias Naturales 1", "Exploración y Comprensión del Mundo Natural y Social", 3),
("m-028", "Ciencias Naturales 2", "Exploración y Comprensión del Mundo Natural y Social", 4),
("m-029", "Ciencias Naturales 3",  "Exploración y Comprensión del Mundo Natural y Social", 5),
("m-030", "Ciencias Naturales 4",  "Exploración y Comprensión del Mundo Natural y Social", 6),
("m-032", "Historias, Paisajes y Convivencia en mi Localidad",  "Exploración y Comprensión del Mundo Natural y Social", 3),
("m-033", "Historia 1",  "Exploración y Comprensión del Mundo Natural y Social", 4),
("m-034", "Historia 2",  "Exploración y Comprensión del Mundo Natural y Social", 5),
("m-035", "Historia 3",  "Exploración y Comprensión del Mundo Natural y Social", 6),
("m-036", "Geografía 1",  "Exploración y Comprensión del Mundo Natural y Social", 4),
("m-037", "Geografía 2",  "Exploración y Comprensión del Mundo Natural y Social", 5),
("m-038", "Geografía 3", "Exploración y Comprensión del Mundo Natural y Social", 6),
("m-039", "Formación Cívica y Ética 1", "Exploración y Comprensión del Mundo Natural", 3),
("m-040", "Formación Cívica y Ética 2",  "Exploración y Comprensión del Mundo Natural",4),
("m-041", "Formación Cívica y Ética 3", "Exploración y Comprensión del Mundo Natural", 5),
("m-042", "Artes 1",  "Artes", 1),
("m-043", "Artes 2",  "Artes", 2),
("m-044", "Artes 3",  "Artes", 3),
("m-045", "Artes 4", "Artes", 4),
("m-046", "Artes 5",  "Artes", 5),
("m-047", "Artes 6",  "Artes", 6),
("m-048", "Educación Socioemocional", "Educación Socioemocional", 1),
("m-049", "Educación Socioemocional", "Educación Socioemocional", 2),
("m-050", "Educación Socioemocional", "Educación Socioemocional", 3),
("m-051", "Educación Socioemocional", "Educación Socioemocional", 4),
("m-052", "Educación Socioemocional", "Educación Socioemocional", 5),
("m-053", "Educación Socioemocional", "Educación Socioemocional", 6),
("m-054", "Educación Física",  "Educación Física", 1),
("m-055", "Educación Física",  "Educación Física", 2),
("m-056", "Educación Física",  "Educación Física", 3),
("m-057", "Educación Física",  "Educación Física", 4),
("m-058", "Educación Física",  "Educación Física", 5),
("m-059", "Educación Física",  "Educación Física", 6);

insert into clases_de(id_grupo, id_materia)
values ("g-001", "m-001"),
("g-001", "m-013"),
("g-001", "m-019"),
("g-001", "m-025"),
("g-001", "m-042"),
("g-001", "m-048"),
("g-001", "m-054"),
("g-007", "m-001"),
("g-007", "m-013"),
("g-007", "m-019"),
("g-007", "m-025"),
("g-007", "m-042"),
("g-007", "m-048"),
("g-007", "m-054"),
("g-002", "m-002"),
("g-002", "m-014"),
("g-002", "m-020"),
("g-002", "m-026"),
("g-002", "m-043"),
("g-002", "m-048"),
("g-002", "m-054"),
("g-008", "m-002"),
("g-008", "m-014"),
("g-008", "m-020"),
("g-008", "m-026"),
("g-008", "m-043"),
("g-008", "m-048"),
("g-008", "m-054"),
("g-003", "m-003"),
("g-003", "m-015"),
("g-003", "m-021"),
("g-003", "m-027"),
("g-003", "m-032"),
("g-003", "m-044"),
("g-003", "m-048"),
("g-003", "m-054"),
("g-009", "m-003"),
("g-009", "m-015"),
("g-009", "m-021"),
("g-009", "m-027"),
("g-009", "m-032"),
("g-009", "m-044"),
("g-009", "m-048"),
("g-009", "m-054"),
("g-004", "m-004"),
("g-004", "m-016"),
("g-004", "m-022"),
("g-004", "m-028"),
("g-004", "m-033"),
("g-004", "m-036"),
("g-004", "m-041"),
("g-004", "m-045"),
("g-004", "m-048"),
("g-004", "m-054"),
("g-010", "m-004"),
("g-010", "m-016"),
("g-010", "m-022"),
("g-010", "m-028"),
("g-010", "m-033"),
("g-010", "m-036"),
("g-010", "m-041"),
("g-010", "m-045"),
("g-010", "m-048"),
("g-010", "m-054"),
("g-005", "m-005"),
("g-005", "m-017"),
("g-005", "m-023"),
("g-005", "m-029"),
("g-005", "m-034"),
("g-005", "m-037"),
("g-005", "m-040"),
("g-005", "m-046"),
("g-005", "m-048"),
("g-005", "m-054"),
("g-011", "m-005"),
("g-011", "m-017"),
("g-011", "m-023"),
("g-011", "m-029"),
("g-011", "m-034"),
("g-011", "m-037"),
("g-011", "m-040"),
("g-011", "m-046"),
("g-011", "m-048"),
("g-011", "m-054"),
("g-006", "m-006"),
("g-006", "m-018"),
("g-006", "m-024"),
("g-006", "m-030"),
("g-006", "m-035"),
("g-006", "m-038"),
("g-006", "m-041"),
("g-006", "m-047"),
("g-006", "m-048"),
("g-006", "m-054"),
("g-012", "m-006"),
("g-012", "m-018"),
("g-012", "m-024"),
("g-012", "m-030"),
("g-012", "m-035"),
("g-012", "m-038"),
("g-012", "m-041"),
("g-012", "m-047"),
("g-012", "m-048"),
("g-012", "m-054");

insert into libro (id, título, año, editorial, id_materia, archivo)
Values ("l-001", "Español I", 2020, "SEP", "m-001", "https://libros.conaliteg.gob.mx/20/P1ESA.htm"),
("l-002", "Español II", 2020, "SEP","m-002", "https://libros.conaliteg.gob.mx/20/P2ESA.htm"),
("l-003", "Español III", 2020, "SEP","m-003", "https://libros.conaliteg.gob.mx/20/P3ESA.htm"),
("l-004", "Español IV", 2020, "SEP","m-004", "https://libros.conaliteg.gob.mx/20/P4ESA.htm"),
("l-005", "Español V", 2020,"SEP", "m-005", "https://libros.conaliteg.gob.mx/20/P5ESA.htm"),
("l-006", "Español VI", 2020, "SEP","m-006", "https://libros.conaliteg.gob.mx/20/P6ESA.htm"),
("l-007", "Español - Lecturas I", 2020, "SEP","m-001", "https://libros.conaliteg.gob.mx/20/P1LEA.htm"),
("l-008", "Español - Lecturas II", 2020,"SEP", "m-002", "https://libros.conaliteg.gob.mx/20/P2LEA.htm"),
("l-009", "Español - Lecturas III", 2020,"SEP", "m-003", "https://libros.conaliteg.gob.mx/20/P3LEA.htm"),
("l-010", "Español - Lecturas IV", 2020,"SEP", "m-004", "https://libros.conaliteg.gob.mx/20/P4LEA.htm"),
("l-011", "Español - Lecturas V", 2020, "SEP","m-005", "https://libros.conaliteg.gob.mx/20/P5LEA.htm"),
("l-012", "Español - Lecturas VI", 2020,"SEP", "m-006", "https://libros.conaliteg.gob.mx/20/P6LEA.htm"),
("l-013", "Inglés I", 2020,"SEP","m-013", null),
("l-014", "Inglés II", 2020,"SEP", "m-014", null),
("l-015", "Inglés III", 2020, "SEP","m-015", null),
("l-016", "Inglés VI", 2020,"SEP", "m-016", null),
("l-017", "Inglés V", 2020,"SEP", "m-017", null),
("l-018", "Inglés VI", 2020,"SEP", "m-018", null),
("l-019", "Matemáticas I", 2020, "SEP","m-019", "https://libros.conaliteg.gob.mx/20/P1MAA.htm"),
("l-020", "Matemáticas II", 2020,"SEP", "m-020", "https://libros.conaliteg.gob.mx/20/P2MAA.htm"),
("l-021", "Desafíos matemáticos I", 2020, "SEP","m-021", "https://libros.conaliteg.gob.mx/20/P3DMA.htm"),
("l-022", "Desafíos matemáticos II", 2020,"SEP", "m-022", "https://libros.conaliteg.gob.mx/20/P4DMA.htm"),
("l-023", "Desafíos matemáticos III", 2020, "SEP","m-023", "https://libros.conaliteg.gob.mx/20/P5DMA.htm"),
("l-024", "Desafíos matemáticos IV", 2020, "SEP","m-024", "https://libros.conaliteg.gob.mx/20/P6DMA.htm"),
("l-025", "Conocimiento del Medio I", 2020,"SEP", "m-025", "https://libros.conaliteg.gob.mx/20/P1COA.htm"),
("l-026", "Conocimiento del Medio II", 2020,"SEP", "m-026", "https://libros.conaliteg.gob.mx/20/P2COA.htm"),
("l-027", "Ciencias Naturales I", 2020,"SEP", "m-027", "https://libros.conaliteg.gob.mx/20/P3CNA.htm"),
("l-028", "Ciencias Naturales II", 2020,"SEP", "m-028", "https://libros.conaliteg.gob.mx/20/P4CNA.htm"),
("l-029", "Ciencias Naturales III", 2020,"SEP", "m-029", "https://libros.conaliteg.gob.mx/20/P5CNA.htm"),
("l-030", "Ciencias Naturales IV", 2020,"SEP", "m-030", "https://libros.conaliteg.gob.mx/20/P6CNA.htm"),
("l-031", "Historias, Paisajes y Convivencia en mi Localidad", 2020,"SEP", "m-032", null),
("l-032", "Historia I", 2020,"SEP", "m-033", "https://libros.conaliteg.gob.mx/20/P4HIA.htm"),
("l-033", "Historia II", 2020,"SEP", "m-034", "https://libros.conaliteg.gob.mx/20/P5HIA.htm"),
("l-034", "Historia III", 2020,"SEP", "m-035", "https://libros.conaliteg.gob.mx/20/P6HIA.htm"),
("l-035", "Geografía I", 2020,"SEP", "m-036", "https://libros.conaliteg.gob.mx/20/P4GEA.htm"),
("l-036", "Geografía II", 2020,"SEP", "m-037", "https://libros.conaliteg.gob.mx/20/P5GEA.htm"),
("l-037", "Geografía III", 2020, "SEP","m-038", "https://libros.conaliteg.gob.mx/20/P6GEA.htm"),
("l-038", "Formación Cívica y Ética I", 2020,"SEP", "m-039", "https://libros.conaliteg.gob.mx/20/P4FCA.htm"),
("l-039", "Formación Cívica y Ética II", 2020,"SEP", "m-040", "https://libros.conaliteg.gob.mx/20/P5FCA.htm"),
("l-040", "Formación Cívica y Ética III", 2020, "SEP","m-041", "https://libros.conaliteg.gob.mx/20/P6FCA.htm");


Insert Into alumno (id, nombre, apellido_pat, apellido_mat, id_grupo, sexo,contrasena)
Values 
("a000001","César","Rodríguez","Ortega","g-001","M", "c000001"),
("a000002","Víctor","Olivetti","Alvares","g-001","M","c000002"),
("a000003","Share Nicole","Flores","Stiker","g-001","F","c000003"),
("a000004","Jesus","Vela","Martines","g-001","M","c000004"),
("a000005","Manuel","Ruvalcaba","Reyes","g-001","M","c000005"),
("a000006","Armando","Rodríguez","Ortega","g-002","M","c000006"),
("a000007","Hugo","Olivetti","Alvares","g-002","M","c000007"),
("a000008","Maria","Solis","Herrera","g-002","F","c000008"),
("a000009","Jorge","Ojeda","Picasso","g-002","M","c000009"),
("a000010","Karen","Velazquez","Herrera","g-002","F","c000010"),
("a000011","Elizabeth","Martinez","Saldivar","g-003","F","c000011"),
("a000012","Miguel","Duenas","Cervantez","g-003","M","c000012"),
("a000013","Manuel","Cruz","Avila","g-003","M","c000013"),
("a000014","Paola","Garcia","Ventura","g-003","F","c000014"),
("a000015","Estefani","Buendia","Baltierra","g-003","F","c000015"),
("a000016","Mariana","Tinajera","Delgadillo","g-004","F","c000016"),
("a000017","Jose","Casta","Pinar","g-004","M","c000017"),
("a000018","Rolando","Aguilar","Herrera","g-004","M","c000018"),
("a000019","Juan","Gonzalez","Alaniz","g-004","M","c000019"),
("a000020","Zaid","Diaz","Salazar","g-004","M","c000020"),
("a000021","Edgar","Sotelo","Acero","g-005","M","c000021"),
("a000022","Sandra","Prieto","Garcia","g-005","F","c000022"),
("a000023","Leonardo","Hernandez","Herrera","g-005","M","c000023"),
("a000024","Julio","Gonzales","Rangel","g-005","M","c000024"),
("a000025","Monserrat","Flores","Garcia","g-005","F","c000025"),
("a000026","Rebeca","Garcia","Herrera","g-006","F","c000026"),
("a000027","David","Vazquez","Serna","g-006","M","c000027"),
("a000028","Jesus","Solis","Rangel","g-006","M","c000028"),
("a000029","Emilio","Mendez","Saldivar","g-006","M","c000029"),
("a000030","Abraham","Mendez","Zavala","g-006","M","c000030"),
("a000031","Amador","Pulido","Ortega","g-007","M", "c000031"),
("a000032","Dimitri","Lopez","Alvares","g-007","M", "c000032"),
("a000033","Josefa","Salguero","Sticker","g-007","F", "c000033"),
("a000034","Ruth","Izquierdo","Martines","g-007","M","c000034"),
("a000035","Teodora","Penalver","Reyes","g-007","M","c000035"),
("a000036","Ibon","Sans","Ortega","g-008","F", "c000036"),
("a000037","Estibaliz","Amores","Alvares","g-008","M","c000037"),
("a000038","Diana","Rial","Herrera","g-008","F", "c000038"),
("a000039","Bonifacio","Mira","Picasso","g-008","M","c000039"),
("a000040","Rosario","Adan","Herrera","g-008","F","c000040"),
("a000041","Ana","Canales","Saldivar","g-009","F","c000041"),
("a000042","Anastacio","Palomino","Cervantez","g-009","M","c000042"),
("a000043","Rodolfo","Lagos","Avila","g-009","M","c000043"),
("a000044","Mariam","Garcia","Quero","g-009","F","c000044"),
("a000045","Monsterrat","Buendia","Bosch","g-009","F","c000045"),
("a000046","Maria","Pino","Delgadillo","g-010","F","c000046"),
("a000047","Josep","Viera","Pinar","g-010","M","c000047"),
("a000048","Gabriel","Murillo","Herrera","g-010","M","c000048"),
("a000049","Francisco","Mesetre","Alaniz","g-010","M","c000049"),
("a000050","Alejandro","Sarmiento","Salazar","g-010","M","c000050"),
("a000051","Ander","Roig","Acero","g-011","M","c000051"),
("a000052","Sara","Diaz","Garcia","g-011","F","c000052"),
("a000053","Juan","Hernandez","Codina","g-011","M","c000053"),
("a000054","Octavio","Montes","Rangel","g-011","M","c000054"),
("a000055","Lia","Bellido","Garcia","g-011","F","c000055"),
("a000056","Angelica","Garcia","Garcia","g-012","F","c000056"),
("a000057","Octavio","Montes","Serna","g-012","M","c000057"),
("a000058","Carlos","Martos","Rangel","g-012","M","c000058"),
("a000059","Samir","Ayala","Saldivar","g-012","M","c000059"),
("a000060","Ibrahim","Garcia","Zavala","g-012","M","c000060");


/*
insert into recurso (titulo, id_materia, id_profesor, archivo)
Values ("titulo1","m-003","p000003", "F"),
 ("titulo2","m-001","p000001", "F")
;*/

